Date,Open,High,Low,Close,Adj Close,Volume
2023-03-01T05:00:00Z,3963.34,4110.75,3808.86,4109.31,4109.31,113094800000
2023-02-01T05:00:00Z,4070.07,4195.44,3943.08,3970.15,3970.15,80392280000
2023-01-01T05:00:00Z,3853.29,4094.21,3794.33,4076.6,4076.6,80763810000
2022-12-01T05:00:00Z,4087.14,4100.96,3764.49,3839.5,3839.5,85249330000
2022-11-01T05:00:00Z,3901.79,4080.11,3698.15,4080.11,4080.11,92671910000
2022-10-01T05:00:00Z,3609.78,3905.42,3491.58,3871.98,3871.98,95823760000
2022-09-01T05:00:00Z,3936.73,4119.28,3584.13,3585.62,3585.62,94241020000
2022-08-01T05:00:00Z,4112.38,4325.28,3954.53,3955,3955,92252350000
2022-07-01T05:00:00Z,3781,4140.15,3721.56,4130.29,4130.29,81688320000
2022-06-01T05:00:00Z,4149.78,4177.51,3636.87,3785.38,3785.38,106116710000
2022-05-01T05:00:00Z,4130.61,4307.66,3810.32,4132.15,4132.15,108860390000
2022-04-01T05:00:00Z,4540.32,4593.45,4124.28,4131.93,4131.93,90367840000
2022-03-01T05:00:00Z,4363.14,4637.3,4157.87,4530.41,4530.41,123546260000
2022-02-01T05:00:00Z,4519.57,4595.31,4114.65,4373.94,4373.94,92667710000
2022-01-01T05:00:00Z,4778.14,4818.62,4222.62,4515.55,4515.55,95562890000
2021-12-01T05:00:00Z,4602.82,4808.93,4495.12,4766.18,4766.18,92750180000
2021-11-01T05:00:00Z,4610.62,4743.83,4560,4567,4567,88268840000
2021-10-01T05:00:00Z,4317.16,4608.08,4278.94,4605.38,4605.38,80253600000
2021-09-01T05:00:00Z,4528.8,4545.85,4305.91,4307.54,4307.54,85528860000
2021-08-01T05:00:00Z,4406.86,4537.36,4367.73,4522.68,4522.68,80500760000
2021-07-01T05:00:00Z,4300.73,4429.97,4233.13,4395.26,4395.26,84255620000
2021-06-01T05:00:00Z,4216.52,4302.43,4164.4,4297.5,4297.5,102544180000
2021-05-01T05:00:00Z,4191.98,4238.04,4056.88,4204.11,4204.11,88321860000
2021-04-01T05:00:00Z,3992.78,4218.78,3992.78,4181.17,4181.17,83124090000
2021-03-01T05:00:00Z,3842.51,3994.41,3723.34,3972.89,3972.89,122371150000
2021-02-01T05:00:00Z,3731.17,3950.43,3725.62,3811.15,3811.15,99082320000
2021-01-01T05:00:00Z,3764.61,3870.9,3662.71,3714.24,3714.24,106117800000
2020-12-01T05:00:00Z,3645.87,3760.2,3633.4,3756.07,3756.07,96375680000
2020-11-01T05:00:00Z,3296.2,3645.99,3279.74,3621.63,3621.63,101247180000
2020-10-01T05:00:00Z,3385.87,3549.85,3233.94,3269.96,3269.96,89938980000
2020-09-01T05:00:00Z,3507.44,3588.11,3209.45,3363,3363,92310780000
2020-08-01T05:00:00Z,3288.26,3514.77,3284.53,3500.31,3500.31,82466520000
2020-07-01T05:00:00Z,3105.92,3279.99,3101.17,3271.12,3271.12,96928130000
2020-06-01T05:00:00Z,3038.78,3233.13,2965.66,3100.29,3100.29,131458880000
2020-05-01T05:00:00Z,2869.09,3068.67,2766.64,3044.31,3044.31,107135190000
2020-04-01T05:00:00Z,2498.08,2954.86,2447.49,2912.43,2912.43,123608160000
2020-03-01T05:00:00Z,2974.28,3136.72,2191.86,2584.59,2584.59,162185380000
2020-02-01T05:00:00Z,3235.66,3393.52,2855.84,2954.22,2954.22,84436590000
2020-01-01T05:00:00Z,3244.67,3337.77,3214.64,3225.52,3225.52,77287980000
2019-12-01T05:00:00Z,3143.85,3247.93,3070.33,3230.78,3230.78,72325540000
2019-11-01T05:00:00Z,3050.72,3154.26,3050.72,3140.98,3140.98,72410620000
2019-10-01T05:00:00Z,2983.69,3050.1,2855.94,3037.56,3037.56,77720640000
2019-09-01T05:00:00Z,2909.01,3021.99,2891.85,2976.74,2976.74,74178980000
2019-08-01T05:00:00Z,2980.32,3013.59,2822.12,2926.46,2926.46,80269220000
2019-07-01T05:00:00Z,2971.41,3027.98,2952.22,2980.38,2980.38,70599470000
2019-06-01T05:00:00Z,2751.53,2964.15,2728.81,2941.76,2941.76,71250630000
2019-05-01T05:00:00Z,2952.33,2954.13,2750.52,2752.06,2752.06,77250740000
2019-04-01T05:00:00Z,2848.63,2949.52,2848.63,2945.83,2945.83,70090370000
2019-03-01T05:00:00Z,2798.22,2860.31,2722.27,2834.4,2834.4,79159660000
2019-02-01T05:00:00Z,2702.32,2813.49,2681.83,2784.49,2784.49,70638770000
2019-01-01T05:00:00Z,2476.96,2708.95,2443.96,2704.1,2704.1,80859870000
2018-12-01T05:00:00Z,2790.5,2800.18,2346.58,2506.85,2506.85,84162180000
2018-11-01T05:00:00Z,2717.58,2815.15,2631.09,2760.17,2760.17,80620020000
2018-10-01T05:00:00Z,2926.29,2939.86,2603.54,2711.74,2711.74,91930980000
2018-09-01T05:00:00Z,2896.96,2940.91,2864.12,2913.98,2913.98,63031510000
2018-08-01T05:00:00Z,2821.17,2916.5,2796.34,2901.52,2901.52,69523070000
2018-07-01T05:00:00Z,2704.95,2848.03,2698.95,2816.29,2816.29,64898300000
2018-06-01T05:00:00Z,2718.7,2791.47,2691.99,2718.37,2718.37,77891360000
2018-05-01T05:00:00Z,2642.96,2742.24,2594.62,2705.27,2705.27,76011820000
2018-04-01T05:00:00Z,2633.45,2717.49,2553.8,2648.05,2648.05,70194700000
2018-03-01T05:00:00Z,2715.22,2801.9,2585.89,2640.87,2640.87,76803890000
2018-02-01T05:00:00Z,2816.45,2835.96,2532.69,2713.83,2713.83,79933970000
2018-01-01T05:00:00Z,2683.73,2872.87,2682.36,2823.81,2823.81,77318690000
2017-12-01T05:00:00Z,2645.1,2694.97,2605.52,2673.61,2673.61,65531700000
2017-11-01T05:00:00Z,2583.21,2657.74,2557.45,2647.58,2647.58,73416960000
2017-10-01T05:00:00Z,2521.2,2582.98,2520.4,2575.26,2575.26,71088550000
2017-09-01T05:00:00Z,2474.42,2519.44,2446.55,2519.36,2519.36,66624120000
2017-08-01T05:00:00Z,2477.1,2490.87,2417.35,2471.65,2471.65,70784900000
2017-07-01T05:00:00Z,2431.39,2484.04,2407.7,2470.3,2470.3,63348090000
2017-06-01T05:00:00Z,2415.65,2453.82,2405.7,2423.41,2423.41,81078810000
2017-05-01T05:00:00Z,2388.5,2418.71,2352.72,2411.8,2411.8,79719460000
2017-04-01T05:00:00Z,2362.34,2398.16,2328.95,2384.2,2384.2,65369860000
2017-03-01T05:00:00Z,2380.13,2400.98,2322.25,2362.72,2362.72,81664010000
2017-02-01T05:00:00Z,2285.59,2371.54,2271.65,2363.64,2363.64,69260940000
2017-01-01T05:00:00Z,2251.57,2300.99,2245.13,2278.87,2278.87,70576420000
2016-12-01T05:00:00Z,2200.17,2277.53,2187.44,2238.83,2238.83,75344550000
2016-11-01T05:00:00Z,2128.68,2214.1,2083.79,2198.81,2198.81,88445380000
2016-10-01T05:00:00Z,2164.33,2169.6,2114.72,2126.15,2126.15,72915530000
2016-09-01T05:00:00Z,2171.33,2187.87,2119.12,2168.27,2168.27,77023620000
2016-08-01T05:00:00Z,2173.15,2193.81,2147.58,2170.95,2170.95,75610310000
2016-07-01T05:00:00Z,2099.34,2177.09,2074.02,2173.6,2173.6,69530250000
2016-06-01T05:00:00Z,2093.94,2120.55,1991.68,2098.86,2098.86,86852700000
2016-05-01T05:00:00Z,2067.17,2103.48,2025.91,2096.95,2096.95,78883600000
2016-04-01T05:00:00Z,2056.62,2111.05,2033.8,2065.3,2065.3,81124990000
2016-03-01T05:00:00Z,1937.09,2072.21,1937.09,2059.74,2059.74,92639420000
2016-02-01T05:00:00Z,1936.94,1962.96,1810.1,1932.23,1932.23,93049560000
2016-01-01T05:00:00Z,2038.2,2038.2,1812.29,1940.24,1940.24,92409770000
2015-12-01T05:00:00Z,2082.93,2104.27,1993.26,2043.94,2043.94,83649260000
2015-11-01T05:00:00Z,2080.76,2116.48,2019.39,2080.41,2080.41,75943590000
2015-10-01T05:00:00Z,1919.65,2094.32,1893.7,2079.36,2079.36,85844900000
2015-09-01T05:00:00Z,1970.09,2020.86,1871.91,1920.03,1920.03,79989370000
2015-08-01T05:00:00Z,2104.49,2112.66,1867.01,1972.18,1972.18,84626790000
2015-07-01T05:00:00Z,2067,2132.82,2044.02,2103.84,2103.84,77920590000
2015-06-01T05:00:00Z,2108.64,2129.87,2056.32,2063.11,2063.11,73213980000
2015-05-01T05:00:00Z,2087.38,2134.72,2067.93,2107.39,2107.39,65187730000
2015-04-01T05:00:00Z,2067.63,2125.92,2048.38,2085.51,2085.51,72060940000
2015-03-01T05:00:00Z,2105.23,2117.52,2039.69,2067.89,2067.89,76675850000
2015-02-01T05:00:00Z,1996.67,2119.59,1980.9,2104.5,2104.5,68775560000
2015-01-01T05:00:00Z,2058.9,2072.36,1988.12,1994.99,1994.99,77330040000
2014-12-01T05:00:00Z,2065.78,2093.55,1972.56,2058.9,2058.9,80743820000
2014-11-01T05:00:00Z,2018.21,2075.76,2001.01,2067.56,2067.56,63600190000
2014-10-01T05:00:00Z,1971.44,2018.19,1820.66,2018.05,2018.05,93714040000
2014-09-01T05:00:00Z,2004.07,2019.26,1964.04,1972.29,1972.29,66706000000
2014-08-01T05:00:00Z,1929.8,2005.04,1904.78,2003.37,2003.37,58131140000
2014-07-01T05:00:00Z,1962.29,1991.39,1930.67,1930.67,1930.67,66524690000
2014-06-01T05:00:00Z,1923.87,1968.17,1915.98,1960.23,1960.23,63283380000
2014-05-01T05:00:00Z,1884.39,1924.03,1859.79,1923.57,1923.57,63623630000
2014-04-01T05:00:00Z,1873.96,1897.28,1814.36,1883.95,1883.95,71595810000
2014-03-01T05:00:00Z,1857.68,1883.97,1834.44,1872.34,1872.34,71885030000
2014-02-01T05:00:00Z,1782.68,1867.92,1737.92,1859.45,1859.45,69725590000
2014-01-01T05:00:00Z,1845.86,1850.84,1770.45,1782.59,1782.59,75871910000
2013-12-01T05:00:00Z,1806.55,1849.44,1767.99,1848.36,1848.36,64958820000
2013-11-01T05:00:00Z,1758.7,1813.55,1746.2,1805.81,1805.81,63628190000
2013-10-01T05:00:00Z,1682.41,1775.22,1646.47,1756.54,1756.54,76647400000
2013-09-01T05:00:00Z,1635.95,1729.86,1633.41,1681.55,1681.55,66174410000
2013-08-01T05:00:00Z,1689.42,1709.67,1627.47,1632.97,1632.97,64802810000
2013-07-01T05:00:00Z,1609.78,1698.78,1604.57,1685.73,1685.73,68106820000
2013-06-01T05:00:00Z,1631.71,1654.19,1560.33,1606.28,1606.28,74946790000
2013-05-01T05:00:00Z,1597.55,1687.18,1581.28,1630.74,1630.74,76447250000
2013-04-01T05:00:00Z,1569.18,1597.57,1536.03,1597.57,1597.57,77098000000
2013-03-01T05:00:00Z,1514.68,1570.28,1501.48,1569.19,1569.19,68527110000
2013-02-01T05:00:00Z,1498.11,1530.94,1485.01,1514.68,1514.68,69273480000
2013-01-01T05:00:00Z,1426.19,1509.94,1426.19,1498.11,1498.11,75848510000
2012-12-01T05:00:00Z,1416.34,1448,1398.11,1426.19,1426.19,66388180000
2012-11-01T05:00:00Z,1412.2,1434.27,1343.35,1416.18,1416.18,71489310000
2012-10-01T05:00:00Z,1440.9,1470.96,1403.28,1412.16,1412.16,71752320000
2012-09-01T05:00:00Z,1406.54,1474.51,1396.56,1440.67,1440.67,69784280000
2012-08-01T05:00:00Z,1379.32,1426.68,1354.65,1406.58,1406.58,70283810000
2012-07-01T05:00:00Z,1362.33,1391.74,1325.41,1379.32,1379.32,73103810000
2012-06-01T05:00:00Z,1309.87,1363.46,1266.74,1362.16,1362.16,81582440000
2012-05-01T05:00:00Z,1397.86,1415.32,1291.98,1310.33,1310.33,86920490000
2012-04-01T05:00:00Z,1408.47,1422.38,1357.38,1397.91,1397.91,74761710000
2012-03-01T05:00:00Z,1365.9,1419.15,1340.03,1408.47,1408.47,83899660000
2012-02-01T05:00:00Z,1312.45,1378.04,1312.45,1365.68,1365.68,78385710000
2012-01-01T05:00:00Z,1258.86,1333.47,1258.86,1312.41,1312.41,79567560000
2011-12-01T05:00:00Z,1246.91,1269.37,1202.37,1257.6,1257.6,74742430000
2011-11-01T05:00:00Z,1251,1277.55,1158.66,1246.96,1246.96,84275050000
2011-10-01T05:00:00Z,1131.21,1292.66,1074.77,1253.3,1253.3,98063670000
2011-09-01T05:00:00Z,1219.12,1229.29,1114.22,1131.42,1131.42,102786820000
2011-08-01T05:00:00Z,1292.59,1307.38,1101.54,1218.89,1218.89,108419170000
2011-07-01T05:00:00Z,1320.64,1356.48,1282.86,1292.28,1292.28,81102170000
2011-06-01T05:00:00Z,1345.2,1345.2,1258.07,1320.64,1320.64,86122730000
2011-05-01T05:00:00Z,1365.21,1370.58,1311.8,1345.2,1345.2,81708980000
2011-04-01T05:00:00Z,1329.48,1364.56,1294.7,1363.61,1363.61,77364810000
2011-03-01T05:00:00Z,1328.64,1332.28,1249.05,1325.83,1325.83,89507640000
2011-02-01T05:00:00Z,1289.14,1344.07,1289.14,1327.22,1327.22,59223660000
2011-01-01T05:00:00Z,1257.62,1302.67,1257.62,1286.12,1286.12,92164940000
2010-12-01T05:00:00Z,1186.6,1262.6,1186.6,1257.64,1257.64,80984530000
2010-11-01T05:00:00Z,1185.71,1227.08,1173,1180.55,1180.55,87151070000
2010-10-01T05:00:00Z,1143.49,1196.14,1131.87,1183.26,1183.26,89536270000
2010-09-01T05:00:00Z,1049.72,1157.16,1049.72,1141.2,1141.2,79589450000
2010-08-01T05:00:00Z,1107.53,1129.24,1039.7,1049.33,1049.33,85738250000
2010-07-01T05:00:00Z,1031.1,1120.95,1010.91,1101.6,1101.6,94778110000
2010-06-01T05:00:00Z,1087.3,1131.23,1028.33,1030.71,1030.71,110106750000
2010-05-01T05:00:00Z,1188.58,1205.13,1040.78,1089.41,1089.41,127662780000
2010-04-01T05:00:00Z,1171.23,1219.8,1170.69,1186.69,1186.69,116741910000
2010-03-01T05:00:00Z,1105.36,1180.69,1105.36,1169.43,1169.43,103683550000
2010-02-01T05:00:00Z,1073.89,1112.42,1044.5,1104.49,1104.49,84561340000
2010-01-01T05:00:00Z,1116.56,1150.45,1071.59,1073.87,1073.87,90947580000
2009-12-01T05:00:00Z,1098.89,1130.38,1085.89,1115.1,1115.1,89515330000
2009-11-01T05:00:00Z,1036.18,1113.69,1029.38,1095.63,1095.63,84981530000
2009-10-01T05:00:00Z,1054.91,1101.36,1019.95,1036.19,1036.19,113410990000
2009-09-01T05:00:00Z,1019.52,1080.15,991.97,1057.08,1057.08,112295490000
2009-08-01T05:00:00Z,990.22,1039.47,978.51,1020.62,1020.62,116059270000
2009-07-01T05:00:00Z,920.82,996.68,869.32,987.48,987.48,106635790000
2009-06-01T05:00:00Z,923.26,956.23,888.86,919.32,919.32,112653150000
2009-05-01T05:00:00Z,872.74,930.17,866.1,919.14,919.14,131614940000
2009-04-01T05:00:00Z,793.59,888.7,783.32,872.81,872.81,138855320000
2009-03-01T05:00:00Z,729.57,832.98,666.79,797.87,797.87,161843640000
2009-02-01T05:00:00Z,823.09,875.01,734.52,735.09,735.09,124492210000
2009-01-01T05:00:00Z,902.99,943.85,804.3,825.88,825.88,112090640000
2008-12-01T05:00:00Z,888.61,918.85,815.69,903.25,903.25,112884470000
2008-11-01T05:00:00Z,968.67,1007.51,741.02,896.24,896.24,115660210000
2008-10-01T05:00:00Z,1164.17,1167.03,839.8,968.75,968.75,159823030000
2008-09-01T05:00:00Z,1287.83,1303.04,1106.42,1166.36,1166.36,140007320000
2008-08-01T05:00:00Z,1269.42,1313.15,1247.45,1282.83,1282.83,86266010000
2008-07-01T05:00:00Z,1276.69,1292.17,1200.44,1267.38,1267.38,124980570000
2008-06-01T05:00:00Z,1399.62,1404.05,1272,1280,1280,96614040000
2008-05-01T05:00:00Z,1385.97,1440.24,1373.07,1400.38,1400.38,80990480000
2008-04-01T05:00:00Z,1326.41,1404.57,1324.35,1385.59,1385.59,85978630000
2008-03-01T05:00:00Z,1330.45,1359.68,1256.98,1322.7,1322.7,93189170000
2008-02-01T05:00:00Z,1378.6,1396.02,1316.75,1330.63,1330.63,78536130000
2008-01-01T05:00:00Z,1467.97,1471.77,1270.05,1378.55,1378.55,98475340000
2007-12-01T05:00:00Z,1479.63,1523.57,1435.65,1468.36,1468.36,64821670000
2007-11-01T05:00:00Z,1545.79,1545.79,1406.1,1481.14,1481.14,86246950000
2007-10-01T05:00:00Z,1527.29,1576.09,1489.56,1549.38,1549.38,76022580000
2007-09-01T05:00:00Z,1473.96,1538.74,1439.29,1526.75,1526.75,57809700000
2007-08-01T05:00:00Z,1455.18,1503.89,1370.6,1473.99,1473.99,91381760000
2007-07-01T05:00:00Z,1504.66,1555.9,1454.25,1455.27,1455.27,70337430000
2007-06-01T05:00:00Z,1530.62,1540.56,1484.18,1503.35,1503.35,65322800000
2007-05-01T05:00:00Z,1482.37,1535.56,1476.7,1530.62,1530.62,64958050000
2007-04-01T05:00:00Z,1420.83,1498.02,1416.37,1482.37,1482.37,57032470000
2007-03-01T05:00:00Z,1406.8,1438.89,1363.98,1420.86,1420.86,67622250000
2007-02-01T05:00:00Z,1437.9,1461.57,1389.42,1406.82,1406.82,51844990000
2007-01-01T05:00:00Z,1418.03,1441.61,1403.97,1438.24,1438.24,56686200000
2006-12-01T05:00:00Z,1400.63,1431.81,1385.93,1418.3,1418.3,47578780000
2006-11-01T05:00:00Z,1377.76,1407.89,1360.98,1400.63,1400.63,55343930000
2006-10-01T05:00:00Z,1335.82,1389.45,1327.1,1377.94,1377.94,56793620000
2006-09-01T05:00:00Z,1303.8,1340.28,1290.93,1335.85,1335.85,49001440000
2006-08-01T05:00:00Z,1278.53,1306.74,1261.3,1303.82,1303.82,50485620000
2006-07-01T05:00:00Z,1270.06,1280.42,1224.54,1276.66,1276.66,46348220000
2006-06-01T05:00:00Z,1270.05,1290.68,1219.29,1270.2,1270.2,54873260000
2006-05-01T05:00:00Z,1310.61,1326.7,1245.34,1270.09,1270.09,54312830000
2006-04-01T05:00:00Z,1302.88,1318.16,1280.74,1310.61,1310.61,43308430000
2006-03-01T05:00:00Z,1280.66,1310.88,1268.42,1294.87,1294.87,50905040000
2006-02-01T05:00:00Z,1280.08,1297.57,1253.61,1280.66,1280.66,42859940000
2006-01-01T05:00:00Z,1248.29,1294.9,1245.74,1280.08,1280.08,49211650000
2005-12-01T05:00:00Z,1249.48,1275.8,1246.59,1248.29,1248.29,41756130000
2005-11-01T05:00:00Z,1207.01,1270.64,1201.07,1249.48,1249.48,45102870000
2005-10-01T05:00:00Z,1228.81,1233.34,1168.2,1207.01,1207.01,49793790000
2005-09-01T05:00:00Z,1220.33,1243.13,1205.35,1228.81,1228.81,44777510000
2005-08-01T05:00:00Z,1234.18,1245.86,1201.07,1220.33,1220.33,42030090000
2005-07-01T05:00:00Z,1191.33,1245.15,1183.55,1234.18,1234.18,37464670000
2005-06-01T05:00:00Z,1191.5,1219.59,1188.3,1191.33,1191.33,40334040000
2005-05-01T05:00:00Z,1156.85,1199.56,1146.18,1191.5,1191.5,39321990000
2005-04-01T05:00:00Z,1180.59,1191.88,1136.15,1156.85,1156.85,43424270000
2005-03-01T05:00:00Z,1203.6,1229.11,1163.69,1180.59,1180.59,39014150000
2005-02-01T05:00:00Z,1181.27,1212.44,1180.95,1203.6,1203.6,29297410000
2005-01-01T05:00:00Z,1211.92,1217.8,1163.75,1181.27,1181.27,31498800000
2004-12-01T05:00:00Z,1173.78,1217.33,1173.78,1211.92,1211.92,31102500000
2004-11-01T05:00:00Z,1130.2,1188.46,1127.6,1173.82,1173.82,30460280000
2004-10-01T05:00:00Z,1114.58,1142.05,1090.29,1130.2,1130.2,31511000000
2004-09-01T05:00:00Z,1104.24,1131.54,1099.18,1114.58,1114.58,26829870000
2004-08-01T05:00:00Z,1101.72,1109.68,1060.72,1104.24,1104.24,26586800000
2004-07-01T05:00:00Z,1140.84,1140.84,1078.78,1101.72,1101.72,29285600000
2004-06-01T05:00:00Z,1120.68,1146.34,1113.32,1140.84,1140.84,27529500000
2004-05-01T05:00:00Z,1107.3,1127.74,1076.32,1120.68,1120.68,29326400000
2004-04-01T05:00:00Z,1126.21,1150.57,1107.23,1107.3,1107.3,31611900000
2004-03-01T05:00:00Z,1144.94,1163.23,1087.16,1126.21,1126.21,33597900000
2004-02-01T05:00:00Z,1131.13,1158.98,1124.44,1144.94,1144.94,27985600000
2004-01-01T05:00:00Z,1111.92,1155.38,1105.08,1131.13,1131.13,32820000000
2003-12-01T05:00:00Z,1058.2,1112.56,1053.41,1111.92,1111.92,27839130000
2003-11-01T05:00:00Z,1050.71,1063.65,1031.2,1058.2,1058.2,24463220000
2003-10-01T05:00:00Z,995.97,1053.79,995.97,1050.71,1050.71,32298500000
2003-09-01T05:00:00Z,1008.01,1040.29,990.36,995.97,995.97,29940110000
2003-08-01T05:00:00Z,990.31,1011.01,960.84,1008.01,1008.01,24881470000
2003-07-01T05:00:00Z,974.5,1015.41,962.1,990.31,990.31,31553200000
2003-06-01T05:00:00Z,963.59,1015.33,963.59,974.5,974.5,31219400000
2003-05-01T05:00:00Z,916.92,965.38,902.83,963.59,963.59,30952100000
2003-04-01T05:00:00Z,848.18,924.24,847.85,916.92,916.92,29669610000
2003-03-01T05:00:00Z,841.15,895.9,788.9,848.18,848.18,30080030000
2003-02-01T05:00:00Z,855.7,864.64,806.29,841.15,841.15,25235300000
2003-01-01T05:00:00Z,879.82,935.05,840.34,855.7,855.7,30749580000
2002-12-01T05:00:00Z,936.31,954.28,869.45,879.82,879.82,25993640000
2002-11-01T05:00:00Z,885.76,941.82,872.05,936.31,936.31,29200960000
2002-10-01T05:00:00Z,815.28,907.44,768.63,885.76,885.76,37856310000
2002-09-01T05:00:00Z,916.07,924.02,800.2,815.28,815.28,27723710000
2002-08-01T05:00:00Z,911.62,965,833.44,916.07,916.07,29298400000
2002-07-01T05:00:00Z,989.82,994.46,775.68,911.62,911.62,42228720000
2002-06-01T05:00:00Z,1067.14,1070.74,952.92,989.82,989.82,29981510000
2002-05-01T05:00:00Z,1076.92,1106.59,1048.96,1067.14,1067.14,26905500000
2002-04-01T05:00:00Z,1147.39,1147.84,1063.46,1076.92,1076.92,28568900000
2002-03-01T05:00:00Z,1106.73,1173.94,1106.73,1147.39,1147.39,26563200000
2002-02-01T05:00:00Z,1130.2,1130.2,1074.36,1106.73,1106.73,26047600000
2002-01-01T05:00:00Z,1148.08,1176.97,1081.66,1130.2,1130.2,29746200000
2001-12-01T05:00:00Z,1139.45,1173.62,1114.53,1148.08,1148.08,25128570000
2001-11-01T05:00:00Z,1059.78,1163.38,1054.31,1139.45,1139.45,26330000000
2001-10-01T05:00:00Z,1040.94,1110.61,1026.76,1059.78,1059.78,29951280000
2001-09-01T05:00:00Z,1133.58,1155.4,944.75,1040.94,1040.94,25025290000
2001-08-01T05:00:00Z,1211.23,1226.27,1124.87,1133.58,1133.58,23359200000
2001-07-01T05:00:00Z,1224.42,1239.78,1165.54,1211.23,1211.23,23793710000
2001-06-01T05:00:00Z,1255.82,1286.62,1203.03,1224.38,1224.38,24748030000
2001-05-01T05:00:00Z,1249.46,1315.93,1232,1255.82,1255.82,24525900000
2001-04-01T05:00:00Z,1160.33,1269.3,1091.99,1249.46,1249.46,25409990000
2001-03-01T05:00:00Z,1239.94,1267.42,1081.19,1160.33,1160.33,27806610000
2001-02-01T05:00:00Z,1366.01,1376.38,1215.44,1239.94,1239.94,21644400000
2001-01-01T05:00:00Z,1320.28,1383.37,1274.62,1366.01,1366.01,27829800000
2000-12-01T05:00:00Z,1314.95,1389.05,1254.07,1320.28,1320.28,23610800000
2000-11-01T05:00:00Z,1429.4,1438.46,1294.9,1314.95,1314.95,20532300000
2000-10-01T05:00:00Z,1436.52,1454.82,1305.79,1429.4,1429.4,25951400000
2000-09-01T05:00:00Z,1517.68,1530.09,1419.44,1436.51,1436.51,20838300000
2000-08-01T05:00:00Z,1430.83,1525.21,1425.43,1517.68,1517.68,20363700000
2000-07-01T05:00:00Z,1454.6,1517.32,1413.89,1430.83,1430.83,19089100000
2000-06-01T05:00:00Z,1420.6,1488.93,1420.6,1454.6,1454.6,21738300000
2000-05-01T05:00:00Z,1452.43,1481.51,1361.09,1420.6,1420.6,19898300000
2000-04-01T05:00:00Z,1498.58,1527.19,1339.4,1452.43,1452.43,20106460000
2000-03-01T05:00:00Z,1366.42,1552.87,1346.62,1498.58,1498.58,26156200000
2000-02-01T05:00:00Z,1394.46,1444.55,1325.07,1366.42,1366.42,20912000000
2000-01-01T05:00:00Z,1469.25,1478,1350.14,1394.46,1394.46,21494400000
1999-12-01T05:00:00Z,1388.91,1473.1,1387.38,1469.25,1469.25,19640690000
1999-11-01T05:00:00Z,1362.93,1425.31,1346.41,1388.91,1388.91,18384820000
1999-10-01T05:00:00Z,1282.71,1373.17,1233.7,1362.93,1362.93,18832000000
1999-09-01T05:00:00Z,1320.41,1361.39,1256.26,1282.71,1282.71,16438700000
1999-08-01T05:00:00Z,1328.72,1382.84,1267.73,1320.41,1320.41,15818550000
1999-07-01T05:00:00Z,1372.71,1420.33,1328.49,1328.72,1328.72,15332930000
1999-06-01T05:00:00Z,1301.84,1372.93,1277.47,1372.71,1372.71,16079170000
1999-05-01T05:00:00Z,1335.18,1375.98,1277.31,1301.84,1301.84,15880260000
1999-04-01T05:00:00Z,1286.37,1371.56,1282.56,1335.18,1335.18,18523200000
1999-03-01T05:00:00Z,1238.33,1323.82,1216.03,1286.37,1286.37,18002500000
1999-02-01T05:00:00Z,1279.64,1283.84,1211.89,1238.33,1238.33,14555860000
1999-01-01T05:00:00Z,1229.23,1280.37,1205.46,1279.64,1279.64,16213500000
1998-12-01T05:00:00Z,1163.63,1244.93,1136.89,1229.23,1229.23,15181450000
1998-11-01T05:00:00Z,1098.67,1192.97,1098.67,1163.63,1163.63,13451280000
1998-10-01T05:00:00Z,1017.01,1103.78,923.32,1098.67,1098.67,18001650000
1998-09-01T05:00:00Z,957.28,1066.11,939.98,1017.01,1017.01,16714080000
1998-08-01T05:00:00Z,1120.67,1121.79,957.28,957.28,957.28,15071550000
1998-07-01T05:00:00Z,1133.84,1190.58,1114.3,1120.67,1120.67,14194800000
1998-06-01T05:00:00Z,1090.82,1145.15,1074.67,1133.84,1133.84,13551970000
1998-05-01T05:00:00Z,1111.75,1130.52,1074.39,1090.82,1090.82,11477140000
1998-04-01T05:00:00Z,1101.75,1132.98,1076.7,1111.75,1111.75,13656060000
1998-03-01T05:00:00Z,1049.34,1113.07,1030.87,1101.75,1101.75,13719590000
1998-02-01T05:00:00Z,980.28,1051.66,980.28,1049.34,1049.34,11656550000
1998-01-01T05:00:00Z,970.43,992.65,912.83,980.28,980.28,12733830000
1997-12-01T05:00:00Z,955.4,986.25,924.92,970.43,970.43,11958880000
1997-11-01T05:00:00Z,914.62,964.55,900.61,955.4,955.4,10173620000
1997-10-01T05:00:00Z,947.28,983.12,855.27,914.62,914.62,14017260000
1997-09-01T05:00:00Z,899.47,960.59,899.47,947.28,947.28,11383000000
1997-08-01T05:00:00Z,954.29,964.17,893.34,899.47,899.47,10606100000
1997-07-01T05:00:00Z,885.14,957.73,884.54,954.31,954.31,11958120000
1997-06-01T05:00:00Z,848.28,902.09,838.82,885.14,885.14,10857950000
1997-05-01T05:00:00Z,801.34,851.87,793.21,848.28,848.28,10106650000
1997-04-01T05:00:00Z,757.12,804.13,733.54,801.34,801.34,10454880000
1997-03-01T05:00:00Z,790.82,814.9,756.13,757.12,757.12,10120760000
1997-02-01T05:00:00Z,786.16,817.68,773.43,790.82,790.82,9715930000
1997-01-01T05:00:00Z,740.74,794.67,729.55,786.16,786.16,11635830000
1996-12-01T05:00:00Z,757.02,761.75,716.69,740.74,740.74,9089170000
1996-11-01T05:00:00Z,705.27,762.12,701.3,757.02,757.02,8763850000
1996-10-01T05:00:00Z,687.31,714.1,684.44,705.27,705.27,9703670000
1996-09-01T05:00:00Z,651.99,690.88,643.97,687.33,687.33,8064070000
1996-08-01T05:00:00Z,639.95,670.68,639.49,651.99,651.99,7380320000
1996-07-01T05:00:00Z,670.63,675.88,605.88,639.95,639.95,8849860000
1996-06-01T05:00:00Z,669.12,680.32,658.75,670.63,670.63,7930840000
1996-05-01T05:00:00Z,654.17,681.1,630.07,669.12,669.12,8921140000
1996-04-01T05:00:00Z,645.5,656.68,624.14,654.17,654.17,8875580000
1996-03-01T05:00:00Z,640.43,656.97,627.63,645.5,645.5,8984200000
1996-02-01T05:00:00Z,636.02,664.23,633.71,640.43,640.43,8749960000
1996-01-01T05:00:00Z,615.93,636.18,597.29,636.02,636.02,9188050000
1995-12-01T05:00:00Z,605.37,622.88,605.05,615.93,615.93,7697540000
1995-11-01T05:00:00Z,581.5,608.69,581.04,605.37,605.37,7602150000
1995-10-01T05:00:00Z,584.41,590.66,571.55,581.5,581.5,8043320000
1995-09-01T05:00:00Z,561.88,587.61,561.01,584.41,584.41,7052830000
1995-08-01T05:00:00Z,562.06,565.62,553.04,561.88,561.88,7146620000
1995-07-01T05:00:00Z,544.75,565.4,542.51,562.06,562.06,7307960000
1995-06-01T05:00:00Z,533.4,551.07,526,544.75,544.75,7555650000
1995-05-01T05:00:00Z,514.76,533.41,513.03,533.4,533.4,7555690000
1995-04-01T05:00:00Z,500.7,515.29,500.2,514.71,514.71,6307030000
1995-03-01T05:00:00Z,487.39,508.15,479.7,500.71,500.71,7792400000
1995-02-01T05:00:00Z,470.42,489.19,469.29,487.39,487.39,6330100000
1995-01-01T05:00:00Z,459.21,471.36,457.2,470.42,470.42,6852060000
1994-12-01T05:00:00Z,453.55,462.73,442.88,459.27,459.27,6351530000
1994-11-01T05:00:00Z,472.26,472.26,444.18,453.69,453.69,6251240000
1994-10-01T05:00:00Z,462.69,474.74,449.27,472.35,472.35,6344700000
1994-09-01T05:00:00Z,475.49,475.49,458.47,462.71,462.71,6152870000
1994-08-01T05:00:00Z,458.28,477.59,456.08,475.49,475.49,6398750000
1994-07-01T05:00:00Z,444.27,459.33,443.58,458.26,458.26,4980100000
1994-06-01T05:00:00Z,456.5,463.23,439.83,444.27,444.27,5852670000
1994-05-01T05:00:00Z,450.91,457.77,440.78,456.5,456.5,5675970000
1994-04-01T05:00:00Z,445.66,452.79,435.86,450.91,450.91,5735010000
1994-03-01T05:00:00Z,467.19,471.09,436.16,445.77,445.77,7225010000
1994-02-01T05:00:00Z,481.6,482.23,464.26,467.14,467.14,5853100000
1994-01-01T05:00:00Z,466.51,482.85,464.36,481.61,481.61,6627390000
1993-12-01T05:00:00Z,461.93,471.29,461.45,466.45,466.45,5791210000
1993-11-01T05:00:00Z,467.83,469.11,454.36,461.79,461.79,5876610000
1993-10-01T05:00:00Z,458.93,471.1,456.4,467.83,467.83,5940460000
1993-09-01T05:00:00Z,463.55,463.8,449.64,458.93,458.93,5552720000
1993-08-01T05:00:00Z,448.13,463.56,446.94,463.56,463.56,5506200000
1993-07-01T05:00:00Z,450.54,451.15,441.4,448.13,448.13,5308530000
1993-06-01T05:00:00Z,450.23,455.63,442.5,450.53,450.53,5544400000
1993-05-01T05:00:00Z,440.19,454.55,436.86,450.19,450.19,5108640000
1993-04-01T04:00:00Z,451.67,452.63,432.3,440.19,440.19,5853170000
1993-03-01T04:00:00Z,443.38,456.76,441.07,451.67,451.67,5766950000
1993-02-01T04:00:00Z,438.78,450.04,428.25,443.38,443.38,5442450000
1993-01-01T04:00:00Z,435.7,442.66,426.88,438.78,438.78,5280850000
1992-12-01T04:00:00Z,431.35,442.65,428.61,435.71,435.71,4876150000
1992-11-01T04:00:00Z,418.66,431.93,415.58,431.35,431.35,4148770000
1992-10-01T04:00:00Z,417.8,421.16,396.8,418.68,418.68,4507010000
1992-09-01T04:00:00Z,414.03,425.27,412.71,417.8,417.8,4023850000
1992-08-01T04:00:00Z,424.19,425.14,408.3,414.03,414.03,3653820000
1992-07-01T04:00:00Z,408.2,424.8,407.2,424.21,424.21,4265220000
1992-06-01T04:00:00Z,415.35,417.3,399.92,408.14,408.14,4259830000
1992-05-01T05:00:00Z,414.95,418.75,409.85,415.35,415.35,3643980000
1992-04-01T05:00:00Z,403.67,416.28,392.41,414.95,414.95,4315840000
1992-03-01T05:00:00Z,412.68,413.78,401.94,403.69,403.69,4066240000
1992-02-01T05:00:00Z,408.79,418.08,406.34,412.7,412.7,4267610000
1992-01-01T05:00:00Z,417.03,421.18,408.64,408.78,408.78,5286280000
1991-12-01T05:00:00Z,375.11,418.32,371.36,417.09,417.09,4155310000
1991-11-01T05:00:00Z,392.46,398.22,371.63,375.22,375.22,3737620000
1991-10-01T05:00:00Z,387.86,393.81,376.11,392.45,392.45,4082380000
1991-09-01T05:00:00Z,395.43,397.62,382.77,387.86,387.86,3260990000
1991-08-01T05:00:00Z,387.81,396.82,374.09,395.43,395.43,3713820000
1991-07-01T05:00:00Z,371.18,387.81,370.92,387.81,387.81,3481570000
1991-06-01T05:00:00Z,389.81,389.81,367.98,371.16,371.16,3258730000
1991-05-01T05:00:00Z,375.35,389.85,365.83,389.83,389.83,3739700000
1991-04-01T05:00:00Z,375.22,391.26,370.27,375.34,375.34,4017200000
1991-03-01T05:00:00Z,367.07,379.66,363.73,375.22,375.22,3927920000
1991-02-01T05:00:00Z,343.91,370.96,340.37,367.07,367.07,4303170000
1991-01-01T05:00:00Z,330.2,343.93,309.35,343.93,343.93,3660240000
1990-12-01T05:00:00Z,322.23,333.98,321.97,330.22,330.22,3116830000
1990-11-01T05:00:00Z,303.99,323.02,301.61,322.22,322.22,3149770000
1990-10-01T05:00:00Z,306.1,319.69,294.51,304,304,3671900000
1990-09-01T05:00:00Z,322.56,326.53,295.98,306.05,306.05,2687280000
1990-08-01T05:00:00Z,356.15,357.35,306.18,322.56,322.56,4020730000
1990-07-01T05:00:00Z,358.02,369.78,350.09,356.15,356.15,3373540000
1990-06-01T05:00:00Z,361.26,368.78,351.23,358.02,358.02,3226280000
1990-05-01T05:00:00Z,330.8,362.26,330.8,361.23,361.23,3596680000
1990-04-01T05:00:00Z,339.94,347.3,327.76,330.8,330.8,2801220000
1990-03-01T05:00:00Z,331.89,344.49,331.08,339.94,339.94,3283280000
1990-02-01T05:00:00Z,329.08,336.09,322.1,331.89,331.89,2961970000
1990-01-01T05:00:00Z,353.4,360.59,319.83,329.08,329.08,3793250000
1989-12-01T05:00:00Z,346.01,354.1,339.63,353.4,353.4,3213420000
1989-11-01T05:00:00Z,340.36,346.5,330.91,345.99,345.99,3032160000
1989-10-01T05:00:00Z,349.15,360.44,327.12,340.36,340.36,4012670000
1989-09-01T05:00:00Z,351.45,354.13,341.37,349.15,349.15,3035020000
1989-08-01T05:00:00Z,346.08,352.73,339,351.45,351.45,3949100000
1989-07-01T05:00:00Z,317.98,346.08,317.26,346.08,346.08,3249030000
1989-06-01T05:00:00Z,320.51,329.19,314.38,317.98,317.98,3966590000
1989-05-01T05:00:00Z,309.64,323.06,304.06,320.52,320.52,3747320000
1989-04-01T05:00:00Z,294.87,310.45,294.35,309.64,309.64,3237250000
1989-03-01T05:00:00Z,288.86,299.99,286.46,294.87,294.87,3504530000
1989-02-01T05:00:00Z,297.47,300.57,286.26,288.86,288.86,3216280000
1989-01-01T05:00:00Z,277.72,297.51,273.81,297.47,297.47,3532220000
1988-12-01T05:00:00Z,273.68,280.45,270.47,277.72,277.72,2844900000
1988-11-01T05:00:00Z,278.97,280.37,262.85,273.7,273.7,2822820000
1988-10-01T05:00:00Z,271.89,283.95,268.84,278.97,278.97,3415160000
1988-09-01T05:00:00Z,261.52,274.87,256.98,271.91,271.91,3059450000
1988-08-01T05:00:00Z,272.03,274.2,256.53,261.52,261.52,3327470000
1988-07-01T05:00:00Z,273.5,276.36,262.48,272.02,272.02,3338470000
1988-06-01T05:00:00Z,262.16,276.88,262.1,273.5,273.5,4306710000
1988-05-01T05:00:00Z,261.36,263.7,248.85,262.16,262.16,3231370000
1988-04-01T05:00:00Z,258.89,272.05,254.71,261.33,261.33,3260760000
1988-03-01T05:00:00Z,267.82,272.64,256.07,258.89,258.89,4052970000
1988-02-01T05:00:00Z,257.05,267.82,247.82,267.82,267.82,3693240000
1988-01-01T05:00:00Z,247.1,261.78,240.17,257.07,257.07,3494700000
1987-12-01T05:00:00Z,230.32,253.35,221.24,247.08,247.08,3926750000
1987-11-01T05:00:00Z,251.73,257.21,225.75,230.3,230.3,3589530000
1987-10-01T05:00:00Z,321.83,328.94,216.46,251.79,251.79,6094500000
1987-09-01T05:00:00Z,329.81,332.18,308.56,321.83,321.83,3723200000
1987-08-01T05:00:00Z,318.62,337.89,314.51,329.8,329.8,4062400000
1987-07-01T05:00:00Z,303.99,318.85,302.53,318.66,318.66,3966400000
1987-06-01T05:00:00Z,290.12,310.27,286.93,304,304,3595000000
1987-05-01T05:00:00Z,286.99,298.69,277.01,290.1,290.1,3417700000
1987-04-01T05:00:00Z,291.59,303.65,275.67,288.36,288.36,3931700000
1987-03-01T05:00:00Z,284.17,302.72,282.3,291.7,291.7,3965100000
1987-02-01T05:00:00Z,274.08,287.55,273.16,284.2,284.2,3485300000
1987-01-01T05:00:00Z,242.17,280.96,242.17,274.08,274.08,4040880000
1986-12-01T05:00:00Z,249.22,254.87,241.28,242.17,242.17,3260870000
1986-11-01T05:00:00Z,243.97,249.22,235.51,249.22,249.22,2940830000
1986-10-01T05:00:00Z,231.32,244.51,231.32,243.98,243.98,3016740000
1986-09-01T05:00:00Z,252.93,254.13,228.08,231.32,231.32,3166300000
1986-08-01T05:00:00Z,236.12,254.24,231.92,252.93,252.93,2701900000
1986-07-01T05:00:00Z,250.67,253.2,233.07,236.12,236.12,3029900000
1986-06-01T05:00:00Z,246.04,251.81,238.23,250.84,250.84,2649600000
1986-05-01T05:00:00Z,235.52,249.19,232.26,247.35,247.35,2680240000
1986-04-01T05:00:00Z,238.9,245.47,226.3,235.52,235.52,3240400000
1986-03-01T05:00:00Z,226.92,240.11,222.18,238.9,238.9,3214600000
1986-02-01T05:00:00Z,211.78,227.92,210.82,226.92,226.92,2899100000
1986-01-01T05:00:00Z,211.28,214.57,202.6,211.78,211.78,2879010000
1985-12-01T05:00:00Z,202.17,213.08,200.1,211.28,211.28,2804380000
1985-11-01T05:00:00Z,189.82,203.4,189.37,202.17,202.17,2445370000
1985-10-01T05:00:00Z,182.06,190.15,181.16,189.82,189.82,2543240000
1985-09-01T05:00:00Z,188.63,188.8,179.45,182.08,182.08,1860160000
1985-08-01T05:00:00Z,190.92,192.17,186.1,188.63,188.63,1923200000
1985-07-01T05:00:00Z,191.85,196.07,189.3,190.92,190.92,2463070000
1985-06-01T05:00:00Z,189.55,191.85,185.03,191.85,191.85,2117000000
1985-05-01T05:00:00Z,179.83,189.98,178.35,189.55,189.55,2350340000
1985-04-01T05:00:00Z,180.66,183.61,177.86,179.83,179.83,1981880000
1985-03-01T05:00:00Z,181.18,183.89,176.53,180.66,180.66,2153090000
1985-02-01T05:00:00Z,179.63,183.95,177.75,181.18,181.18,2194620000
1985-01-01T05:00:00Z,167.2,180.27,163.36,179.63,179.63,2673710000
